{
  "means": {
    "shape": [
      305809,
      3
    ],
    "dtype": "float32",
    "mins": [
      -0.28091609477996826,
      -0.3805398941040039,
      -0.28590765595436096
    ],
    "maxs": [
      0.2762039601802826,
      0.2325853705406189,
      0.2665118873119354
    ],
    "files": [
      "means_l.webp",
      "means_u.webp"
    ]
  },
  "scales": {
    "shape": [
      305809,
      3
    ],
    "dtype": "float32",
    "mins": [
      -12.203496932983398,
      -12.822633743286133,
      -12.190710067749023
    ],
    "maxs": [
      -2.9575982093811035,
      -2.596405029296875,
      -2.65433669090271
    ],
    "files": [
      "scales.webp"
    ]
  },
  "quats": {
    "shape": [
      305809,
      4
    ],
    "dtype": "uint8",
    "encoding": "quaternion_packed",
    "files": [
      "quats.webp"
    ]
  },
  "sh0": {
    "shape": [
      305809,
      1,
      4
    ],
    "dtype": "float32",
    "mins": [
      -1.91770601272583,
      -1.9865089654922485,
      -1.9905309677124023,
      -3.605938673019409
    ],
    "maxs": [
      2.799497365951538,
      3.7553067207336426,
      4.018065929412842,
      9.904797554016113
    ],
    "files": [
      "sh0.webp"
    ]
  },
  "shN": {
    "shape": [
      305809,
      45
    ],
    "dtype": "float32",
    "mins": -0.36922430992126465,
    "maxs": 0.4673446714878082,
    "quantization": 8,
    "files": [
      "shN_centroids.webp",
      "shN_labels.webp"
    ]
  }
}