{
  "means": {
    "shape": [
      1420864,
      3
    ],
    "dtype": "float32",
    "mins": [
      -0.09036515653133392,
      -0.09047117829322815,
      -0.11127714067697525
    ],
    "maxs": [
      0.10219778120517731,
      0.08203664422035217,
      0.08875821530818939
    ],
    "files": [
      "means_l.webp",
      "means_u.webp"
    ]
  },
  "scales": {
    "shape": [
      1420864,
      3
    ],
    "dtype": "float32",
    "mins": [
      -17.167495727539062,
      -15.902406692504883,
      -16.572322845458984
    ],
    "maxs": [
      -4.1868133544921875,
      -4.352400779724121,
      -4.339227199554443
    ],
    "files": [
      "scales.webp"
    ]
  },
  "quats": {
    "shape": [
      1420864,
      4
    ],
    "dtype": "uint8",
    "encoding": "quaternion_packed",
    "files": [
      "quats.webp"
    ]
  },
  "sh0": {
    "shape": [
      1420864,
      1,
      4
    ],
    "dtype": "float32",
    "mins": [
      -2.0114359855651855,
      -2.0041582584381104,
      -2.0201332569122314,
      -3.7195754051208496
    ],
    "maxs": [
      3.128196954727173,
      3.108020305633545,
      3.0298078060150146,
      6.142021179199219
    ],
    "files": [
      "sh0.webp"
    ]
  },
  "shN": {
    "shape": [
      1420864,
      45
    ],
    "dtype": "float32",
    "mins": -0.453752726316452,
    "maxs": 0.4334220886230469,
    "quantization": 8,
    "files": [
      "shN_centroids.webp",
      "shN_labels.webp"
    ]
  }
}