{
  "means": {
    "shape": [
      1352569,
      3
    ],
    "dtype": "float32",
    "mins": [
      -0.26391318440437317,
      -0.2567414939403534,
      -0.25384336709976196
    ],
    "maxs": [
      0.2534022033214569,
      0.2421291321516037,
      0.2537131607532501
    ],
    "files": [
      "means_l.webp",
      "means_u.webp"
    ]
  },
  "scales": {
    "shape": [
      1352569,
      3
    ],
    "dtype": "float32",
    "mins": [
      -14.8141508102417,
      -15.711085319519043,
      -14.71245002746582
    ],
    "maxs": [
      -3.284135580062866,
      -3.6096017360687256,
      -3.406780481338501
    ],
    "files": [
      "scales.webp"
    ]
  },
  "quats": {
    "shape": [
      1352569,
      4
    ],
    "dtype": "uint8",
    "encoding": "quaternion_packed",
    "files": [
      "quats.webp"
    ]
  },
  "sh0": {
    "shape": [
      1352569,
      1,
      4
    ],
    "dtype": "float32",
    "mins": [
      -1.9701203107833862,
      -2.0072855949401855,
      -2.124706983566284,
      -3.861830711364746
    ],
    "maxs": [
      2.6248385906219482,
      2.479966402053833,
      2.1008057594299316,
      5.521389961242676
    ],
    "files": [
      "sh0.webp"
    ]
  },
  "shN": {
    "shape": [
      1352569,
      45
    ],
    "dtype": "float32",
    "mins": -0.3914630115032196,
    "maxs": 0.4640260338783264,
    "quantization": 8,
    "files": [
      "shN_centroids.webp",
      "shN_labels.webp"
    ]
  }
}