{
  "means": {
    "shape": [
      1999396,
      3
    ],
    "dtype": "float32",
    "mins": [
      -3.254842519760132,
      -1.8362388610839844,
      -3.2934718132019043
    ],
    "maxs": [
      3.4369664192199707,
      3.4336366653442383,
      3.426236152648926
    ],
    "files": [
      "means_l.webp",
      "means_u.webp"
    ]
  },
  "scales": {
    "shape": [
      1999396,
      3
    ],
    "dtype": "float32",
    "mins": [
      -13.620365142822266,
      -14.170074462890625,
      -13.486178398132324
    ],
    "maxs": [
      3.7659177780151367,
      3.104759931564331,
      3.0971884727478027
    ],
    "files": [
      "scales.webp"
    ]
  },
  "quats": {
    "shape": [
      1999396,
      4
    ],
    "dtype": "uint8",
    "encoding": "quaternion_packed",
    "files": [
      "quats.webp"
    ]
  },
  "sh0": {
    "shape": [
      1999396,
      1,
      4
    ],
    "dtype": "float32",
    "mins": [
      -2.5750319957733154,
      -2.5162501335144043,
      -2.739353656768799,
      -3.8990318775177
    ],
    "maxs": [
      7.558706283569336,
      8.309419631958008,
      8.653100967407227,
      8.54454231262207
    ],
    "files": [
      "sh0.webp"
    ]
  },
  "shN": {
    "shape": [
      1999396,
      45
    ],
    "dtype": "float32",
    "mins": -0.8573436141014099,
    "maxs": 0.8275306820869446,
    "quantization": 8,
    "files": [
      "shN_centroids.webp",
      "shN_labels.webp"
    ]
  }
}