{
  "means": {
    "shape": [
      2617924,
      3
    ],
    "dtype": "float32",
    "mins": [
      -1.2655916213989258,
      -0.9117504954338074,
      -1.0214464664459229
    ],
    "maxs": [
      0.7829310297966003,
      0.7231189012527466,
      1.130919098854065
    ],
    "files": [
      "means_l.webp",
      "means_u.webp"
    ]
  },
  "scales": {
    "shape": [
      2617924,
      3
    ],
    "dtype": "float32",
    "mins": [
      -10.66472053527832,
      -10.521017074584961,
      -10.715261459350586
    ],
    "maxs": [
      2.5473146438598633,
      -0.3116471767425537,
      0.705624520778656
    ],
    "files": [
      "scales.webp"
    ]
  },
  "quats": {
    "shape": [
      2617924,
      4
    ],
    "dtype": "uint8",
    "encoding": "quaternion_packed",
    "files": [
      "quats.webp"
    ]
  },
  "sh0": {
    "shape": [
      2617924,
      1,
      4
    ],
    "dtype": "float32",
    "mins": [
      -2.0867018699645996,
      -2.1174046993255615,
      -2.3228251934051514,
      -3.8348236083984375
    ],
    "maxs": [
      1.3668522834777832,
      0.9489445090293884,
      0.9190549850463867,
      6.394629001617432
    ],
    "files": [
      "sh0.webp"
    ]
  },
  "shN": {
    "shape": [
      2617924,
      45
    ],
    "dtype": "float32",
    "mins": -0.5205056667327881,
    "maxs": 0.6477428078651428,
    "quantization": 8,
    "files": [
      "shN_centroids.webp",
      "shN_labels.webp"
    ]
  }
}