{
  "means": {
    "shape": [
      2175625,
      3
    ],
    "dtype": "float32",
    "mins": [
      -0.8129521608352661,
      -0.8325604796409607,
      -0.8441997766494751
    ],
    "maxs": [
      0.813072144985199,
      0.5666825771331787,
      0.9263483881950378
    ],
    "files": [
      "means_l.webp",
      "means_u.webp"
    ]
  },
  "scales": {
    "shape": [
      2175625,
      3
    ],
    "dtype": "float32",
    "mins": [
      -10.66472053527832,
      -10.521017074584961,
      -10.715261459350586
    ],
    "maxs": [
      -0.6099740862846375,
      -0.6632916927337646,
      -0.6582044959068298
    ],
    "files": [
      "scales.webp"
    ]
  },
  "quats": {
    "shape": [
      2175625,
      4
    ],
    "dtype": "uint8",
    "encoding": "quaternion_packed",
    "files": [
      "quats.webp"
    ]
  },
  "sh0": {
    "shape": [
      2175625,
      1,
      4
    ],
    "dtype": "float32",
    "mins": [
      -2.0867018699645996,
      -2.1174046993255615,
      -2.3228251934051514,
      -3.7853667736053467
    ],
    "maxs": [
      1.3668522834777832,
      0.9489445090293884,
      0.8324248194694519,
      6.394629001617432
    ],
    "files": [
      "sh0.webp"
    ]
  },
  "shN": {
    "shape": [
      2175625,
      45
    ],
    "dtype": "float32",
    "mins": -0.4814175069332123,
    "maxs": 0.5900025963783264,
    "quantization": 8,
    "files": [
      "shN_centroids.webp",
      "shN_labels.webp"
    ]
  }
}