{
  "means": {
    "shape": [
      408321,
      3
    ],
    "dtype": "float32",
    "mins": [
      -0.5479706525802612,
      -0.7024965286254883,
      -0.6264618039131165
    ],
    "maxs": [
      0.4681699872016907,
      0.3650703728199005,
      0.3793705105781555
    ],
    "files": [
      "means_l.webp",
      "means_u.webp"
    ]
  },
  "scales": {
    "shape": [
      408321,
      3
    ],
    "dtype": "float32",
    "mins": [
      -13.750160217285156,
      -13.060409545898438,
      -13.789891242980957
    ],
    "maxs": [
      -2.4850809574127197,
      -2.4098310470581055,
      -2.5870859622955322
    ],
    "files": [
      "scales.webp"
    ]
  },
  "quats": {
    "shape": [
      408321,
      4
    ],
    "dtype": "uint8",
    "encoding": "quaternion_packed",
    "files": [
      "quats.webp"
    ]
  },
  "sh0": {
    "shape": [
      408321,
      1,
      4
    ],
    "dtype": "float32",
    "mins": [
      -2.144909620285034,
      -2.0918307304382324,
      -2.5377848148345947,
      -3.562938690185547
    ],
    "maxs": [
      2.871981143951416,
      3.1605005264282227,
      2.9953157901763916,
      8.676342010498047
    ],
    "files": [
      "sh0.webp"
    ]
  },
  "shN": {
    "shape": [
      408321,
      45
    ],
    "dtype": "float32",
    "mins": -0.43445688486099243,
    "maxs": 0.663642406463623,
    "quantization": 8,
    "files": [
      "shN_centroids.webp",
      "shN_labels.webp"
    ]
  }
}