{
  "means": {
    "shape": [
      384400,
      3
    ],
    "dtype": "float32",
    "mins": [
      -0.14568893611431122,
      -0.36056333780288696,
      -0.1773509830236435
    ],
    "maxs": [
      0.13324128091335297,
      0.26257428526878357,
      0.18687179684638977
    ],
    "files": [
      "means_l.webp",
      "means_u.webp"
    ]
  },
  "scales": {
    "shape": [
      384400,
      3
    ],
    "dtype": "float32",
    "mins": [
      -20.45026397705078,
      -20.9379940032959,
      -21.113914489746094
    ],
    "maxs": [
      -2.523409605026245,
      -3.090547800064087,
      -2.8190832138061523
    ],
    "files": [
      "scales.webp"
    ]
  },
  "quats": {
    "shape": [
      384400,
      4
    ],
    "dtype": "uint8",
    "encoding": "quaternion_packed",
    "files": [
      "quats.webp"
    ]
  },
  "sh0": {
    "shape": [
      384400,
      1,
      4
    ],
    "dtype": "float32",
    "mins": [
      -2.4296483993530273,
      -2.333848476409912,
      -2.4890403747558594,
      -3.7726144790649414
    ],
    "maxs": [
      2.148427724838257,
      2.16149640083313,
      2.078904628753662,
      12.755915641784668
    ],
    "files": [
      "sh0.webp"
    ]
  }
}