{
  "means": {
    "shape": [
      1311025,
      3
    ],
    "dtype": "float32",
    "mins": [
      -0.232811838388443,
      -0.8298592567443848,
      -0.1315903663635254
    ],
    "maxs": [
      0.9384755492210388,
      0.25406861305236816,
      0.6039078235626221
    ],
    "files": [
      "means_l.webp",
      "means_u.webp"
    ]
  },
  "scales": {
    "shape": [
      1311025,
      3
    ],
    "dtype": "float32",
    "mins": [
      -15.990966796875,
      -15.557827949523926,
      -15.84468936920166
    ],
    "maxs": [
      -1.6820696592330933,
      0.682893693447113,
      -1.8041939735412598
    ],
    "files": [
      "scales.webp"
    ]
  },
  "quats": {
    "shape": [
      1311025,
      4
    ],
    "dtype": "uint8",
    "encoding": "quaternion_packed",
    "files": [
      "quats.webp"
    ]
  },
  "sh0": {
    "shape": [
      1311025,
      1,
      4
    ],
    "dtype": "float32",
    "mins": [
      -2.0963215827941895,
      -2.1157424449920654,
      -2.187270402908325,
      -3.8409359455108643
    ],
    "maxs": [
      2.5676398277282715,
      2.5512032508850098,
      2.993159770965576,
      6.881646156311035
    ],
    "files": [
      "sh0.webp"
    ]
  },
  "shN": {
    "shape": [
      1311025,
      45
    ],
    "dtype": "float32",
    "mins": -0.6021583676338196,
    "maxs": 0.48285529017448425,
    "quantization": 8,
    "files": [
      "shN_centroids.webp",
      "shN_labels.webp"
    ]
  }
}