{
  "means": {
    "shape": [
      2256004,
      3
    ],
    "dtype": "float32",
    "mins": [
      -1.825080394744873,
      -1.7568345069885254,
      -1.9801262617111206
    ],
    "maxs": [
      2.0252790451049805,
      1.957228183746338,
      1.9240772724151611
    ],
    "files": [
      "means_l.webp",
      "means_u.webp"
    ]
  },
  "scales": {
    "shape": [
      2256004,
      3
    ],
    "dtype": "float32",
    "mins": [
      -7.640585899353027,
      -7.638861656188965,
      -7.610499382019043
    ],
    "maxs": [
      -0.3562837839126587,
      -0.35219040513038635,
      -0.5851043462753296
    ],
    "files": [
      "scales.webp"
    ]
  },
  "quats": {
    "shape": [
      2256004,
      4
    ],
    "dtype": "uint8",
    "encoding": "quaternion_packed",
    "files": [
      "quats.webp"
    ]
  },
  "sh0": {
    "shape": [
      2256004,
      1,
      4
    ],
    "dtype": "float32",
    "mins": [
      -2.1860973834991455,
      -2.1740305423736572,
      -2.208752393722534,
      -3.650754451751709
    ],
    "maxs": [
      1.5091307163238525,
      1.5314289331436157,
      1.3621007204055786,
      6.74847412109375
    ],
    "files": [
      "sh0.webp"
    ]
  },
  "shN": {
    "shape": [
      2256004,
      45
    ],
    "dtype": "float32",
    "mins": -0.3436275124549866,
    "maxs": 0.45462745428085327,
    "quantization": 8,
    "files": [
      "shN_centroids.webp",
      "shN_labels.webp"
    ]
  }
}