{
  "means": {
    "shape": [
      2253001,
      3
    ],
    "dtype": "float32",
    "mins": [
      -0.27781859040260315,
      -0.24804994463920593,
      -0.2687636911869049
    ],
    "maxs": [
      0.25655320286750793,
      0.21916033327579498,
      0.23058249056339264
    ],
    "files": [
      "means_l.webp",
      "means_u.webp"
    ]
  },
  "scales": {
    "shape": [
      2253001,
      3
    ],
    "dtype": "float32",
    "mins": [
      -10.636317253112793,
      -10.634593963623047,
      -10.606230735778809
    ],
    "maxs": [
      -3.352015972137451,
      -3.3479225635528564,
      -3.580836534500122
    ],
    "files": [
      "scales.webp"
    ]
  },
  "quats": {
    "shape": [
      2253001,
      4
    ],
    "dtype": "uint8",
    "encoding": "quaternion_packed",
    "files": [
      "quats.webp"
    ]
  },
  "sh0": {
    "shape": [
      2253001,
      1,
      4
    ],
    "dtype": "float32",
    "mins": [
      -2.1860973834991455,
      -2.1740305423736572,
      -2.208752393722534,
      -3.9087295532226562
    ],
    "maxs": [
      1.5091307163238525,
      1.5314289331436157,
      1.3621007204055786,
      6.74847412109375
    ],
    "files": [
      "sh0.webp"
    ]
  },
  "shN": {
    "shape": [
      2253001,
      45
    ],
    "dtype": "float32",
    "mins": -0.278247207403183,
    "maxs": 0.43711596727371216,
    "quantization": 8,
    "files": [
      "shN_centroids.webp",
      "shN_labels.webp"
    ]
  }
}