{
  "means": {
    "shape": [
      1774224,
      3
    ],
    "dtype": "float32",
    "mins": [
      -0.14482878148555756,
      -0.14386765658855438,
      -0.15174806118011475
    ],
    "maxs": [
      0.1554914116859436,
      0.13457956910133362,
      0.1478959172964096
    ],
    "files": [
      "means_l.webp",
      "means_u.webp"
    ]
  },
  "scales": {
    "shape": [
      1774224,
      3
    ],
    "dtype": "float32",
    "mins": [
      -16.00819206237793,
      -14.476228713989258,
      -15.018805503845215
    ],
    "maxs": [
      -3.6173582077026367,
      -3.46085524559021,
      -3.748105525970459
    ],
    "files": [
      "scales.webp"
    ]
  },
  "quats": {
    "shape": [
      1774224,
      4
    ],
    "dtype": "uint8",
    "encoding": "quaternion_packed",
    "files": [
      "quats.webp"
    ]
  },
  "sh0": {
    "shape": [
      1774224,
      1,
      4
    ],
    "dtype": "float32",
    "mins": [
      -2.099957227706909,
      -2.186816930770874,
      -2.087373733520508,
      -3.7386491298675537
    ],
    "maxs": [
      1.0751487016677856,
      1.124483346939087,
      1.8575973510742188,
      6.5036940574646
    ],
    "files": [
      "sh0.webp"
    ]
  },
  "shN": {
    "shape": [
      1774224,
      45
    ],
    "dtype": "float32",
    "mins": -0.41649433970451355,
    "maxs": 0.33490175008773804,
    "quantization": 8,
    "files": [
      "shN_centroids.webp",
      "shN_labels.webp"
    ]
  }
}