{
  "means": {
    "shape": [
      1420864,
      3
    ],
    "dtype": "float32",
    "mins": [
      -0.2826808989048004,
      -0.42493197321891785,
      -0.5408942699432373
    ],
    "maxs": [
      0.27216818928718567,
      0.20851312577724457,
      0.13362489640712738
    ],
    "files": [
      "means_l.webp",
      "means_u.webp"
    ]
  },
  "scales": {
    "shape": [
      1420864,
      3
    ],
    "dtype": "float32",
    "mins": [
      -16.108951568603516,
      -15.41919231414795,
      -15.383543014526367
    ],
    "maxs": [
      -2.198380470275879,
      -1.5857429504394531,
      0.1939559429883957
    ],
    "files": [
      "scales.webp"
    ]
  },
  "quats": {
    "shape": [
      1420864,
      4
    ],
    "dtype": "uint8",
    "encoding": "quaternion_packed",
    "files": [
      "quats.webp"
    ]
  },
  "sh0": {
    "shape": [
      1420864,
      1,
      4
    ],
    "dtype": "float32",
    "mins": [
      -2.031665086746216,
      -2.120222330093384,
      -2.2748780250549316,
      -3.7160773277282715
    ],
    "maxs": [
      2.6400671005249023,
      2.5047590732574463,
      2.888202428817749,
      5.670408248901367
    ],
    "files": [
      "sh0.webp"
    ]
  },
  "shN": {
    "shape": [
      1420864,
      45
    ],
    "dtype": "float32",
    "mins": -0.3638932704925537,
    "maxs": 0.4250918924808502,
    "quantization": 8,
    "files": [
      "shN_centroids.webp",
      "shN_labels.webp"
    ]
  }
}