{
  "means": {
    "shape": [
      289444,
      3
    ],
    "dtype": "float32",
    "mins": [
      -0.20416709780693054,
      -0.7980503439903259,
      -0.2020590454339981
    ],
    "maxs": [
      0.2653111517429352,
      0.08447609096765518,
      0.13919325172901154
    ],
    "files": [
      "means_l.webp",
      "means_u.webp"
    ]
  },
  "scales": {
    "shape": [
      289444,
      3
    ],
    "dtype": "float32",
    "mins": [
      -12.111331939697266,
      -12.06162166595459,
      -12.359379768371582
    ],
    "maxs": [
      -2.7208356857299805,
      -2.6391119956970215,
      -2.7450125217437744
    ],
    "files": [
      "scales.webp"
    ]
  },
  "quats": {
    "shape": [
      289444,
      4
    ],
    "dtype": "uint8",
    "encoding": "quaternion_packed",
    "files": [
      "quats.webp"
    ]
  },
  "sh0": {
    "shape": [
      289444,
      1,
      4
    ],
    "dtype": "float32",
    "mins": [
      -1.893772840499878,
      -1.8488165140151978,
      -1.9742354154586792,
      -3.802576780319214
    ],
    "maxs": [
      2.8293850421905518,
      2.538140296936035,
      2.390101194381714,
      8.239696502685547
    ],
    "files": [
      "sh0.webp"
    ]
  },
  "shN": {
    "shape": [
      289444,
      45
    ],
    "dtype": "float32",
    "mins": -0.32857275009155273,
    "maxs": 0.3727087080478668,
    "quantization": 8,
    "files": [
      "shN_centroids.webp",
      "shN_labels.webp"
    ]
  }
}