{
  "means": {
    "shape": [
      386884,
      3
    ],
    "dtype": "float32",
    "mins": [
      -0.3419504165649414,
      -0.7150961756706238,
      -0.26041939854621887
    ],
    "maxs": [
      0.44458502531051636,
      0.18397346138954163,
      0.5301275253295898
    ],
    "files": [
      "means_l.webp",
      "means_u.webp"
    ]
  },
  "scales": {
    "shape": [
      386884,
      3
    ],
    "dtype": "float32",
    "mins": [
      -13.158320426940918,
      -11.69677734375,
      -12.820852279663086
    ],
    "maxs": [
      -2.843750238418579,
      -2.7488327026367188,
      -3.0797181129455566
    ],
    "files": [
      "scales.webp"
    ]
  },
  "quats": {
    "shape": [
      386884,
      4
    ],
    "dtype": "uint8",
    "encoding": "quaternion_packed",
    "files": [
      "quats.webp"
    ]
  },
  "sh0": {
    "shape": [
      386884,
      1,
      4
    ],
    "dtype": "float32",
    "mins": [
      -1.9144431352615356,
      -1.9151952266693115,
      -2.0774998664855957,
      -3.720402479171753
    ],
    "maxs": [
      1.2424203157424927,
      1.2722101211547852,
      0.811540961265564,
      8.072480201721191
    ],
    "files": [
      "sh0.webp"
    ]
  },
  "shN": {
    "shape": [
      386884,
      45
    ],
    "dtype": "float32",
    "mins": -0.2108054757118225,
    "maxs": 0.24439069628715515,
    "quantization": 8,
    "files": [
      "shN_centroids.webp",
      "shN_labels.webp"
    ]
  }
}