{
  "means": {
    "shape": [
      1311025,
      3
    ],
    "dtype": "float32",
    "mins": [
      -0.21808570623397827,
      -0.30890995264053345,
      -0.12461727857589722
    ],
    "maxs": [
      0.23451419174671173,
      0.26478469371795654,
      0.1301892101764679
    ],
    "files": [
      "means_l.webp",
      "means_u.webp"
    ]
  },
  "scales": {
    "shape": [
      1311025,
      3
    ],
    "dtype": "float32",
    "mins": [
      -15.342276573181152,
      -15.79737663269043,
      -15.49640941619873
    ],
    "maxs": [
      -3.0816805362701416,
      -3.036433696746826,
      -3.4884049892425537
    ],
    "files": [
      "scales.webp"
    ]
  },
  "quats": {
    "shape": [
      1311025,
      4
    ],
    "dtype": "uint8",
    "encoding": "quaternion_packed",
    "files": [
      "quats.webp"
    ]
  },
  "sh0": {
    "shape": [
      1311025,
      1,
      4
    ],
    "dtype": "float32",
    "mins": [
      -2.0298376083374023,
      -2.051562786102295,
      -2.165926933288574,
      -3.6670982837677
    ],
    "maxs": [
      2.737386465072632,
      2.5550851821899414,
      2.9454126358032227,
      8.21291446685791
    ],
    "files": [
      "sh0.webp"
    ]
  },
  "shN": {
    "shape": [
      1311025,
      45
    ],
    "dtype": "float32",
    "mins": -0.518862247467041,
    "maxs": 0.5517483949661255,
    "quantization": 8,
    "files": [
      "shN_centroids.webp",
      "shN_labels.webp"
    ]
  }
}