{
  "means": {
    "shape": [
      174724,
      3
    ],
    "dtype": "float32",
    "mins": [
      -0.12333658337593079,
      -0.023473627865314484,
      -0.09141865372657776
    ],
    "maxs": [
      0.13976673781871796,
      0.09874238818883896,
      0.09539294987916946
    ],
    "files": [
      "means_l.webp",
      "means_u.webp"
    ]
  },
  "scales": {
    "shape": [
      174724,
      3
    ],
    "dtype": "float32",
    "mins": [
      -14.548762321472168,
      -14.222916603088379,
      -15.01519775390625
    ],
    "maxs": [
      -4.03729248046875,
      -3.8764405250549316,
      -4.045352458953857
    ],
    "files": [
      "scales.webp"
    ]
  },
  "quats": {
    "shape": [
      174724,
      4
    ],
    "dtype": "uint8",
    "encoding": "quaternion_packed",
    "files": [
      "quats.webp"
    ]
  },
  "sh0": {
    "shape": [
      174724,
      1,
      4
    ],
    "dtype": "float32",
    "mins": [
      -1.9814932346343994,
      -1.948738932609558,
      -2.0101096630096436,
      -3.7389533519744873
    ],
    "maxs": [
      3.223780870437622,
      3.01576828956604,
      2.839895248413086,
      10.15815544128418
    ],
    "files": [
      "sh0.webp"
    ]
  }
}