{
  "means": {
    "shape": [
      1449616,
      3
    ],
    "dtype": "float32",
    "mins": [
      -0.44039154052734375,
      -0.5756642818450928,
      -0.7478317618370056
    ],
    "maxs": [
      0.22158606350421906,
      0.28767210245132446,
      0.15789324045181274
    ],
    "files": [
      "means_l.webp",
      "means_u.webp"
    ]
  },
  "scales": {
    "shape": [
      1449616,
      3
    ],
    "dtype": "float32",
    "mins": [
      -15.327908515930176,
      -16.012502670288086,
      -15.917317390441895
    ],
    "maxs": [
      -2.222644329071045,
      -0.6472446322441101,
      0.3956644833087921
    ],
    "files": [
      "scales.webp"
    ]
  },
  "quats": {
    "shape": [
      1449616,
      4
    ],
    "dtype": "uint8",
    "encoding": "quaternion_packed",
    "files": [
      "quats.webp"
    ]
  },
  "sh0": {
    "shape": [
      1449616,
      1,
      4
    ],
    "dtype": "float32",
    "mins": [
      -2.141761541366577,
      -2.0774195194244385,
      -2.130488634109497,
      -3.4951047897338867
    ],
    "maxs": [
      2.7783942222595215,
      2.399378538131714,
      2.5300254821777344,
      7.695192813873291
    ],
    "files": [
      "sh0.webp"
    ]
  },
  "shN": {
    "shape": [
      1449616,
      45
    ],
    "dtype": "float32",
    "mins": -0.5283629298210144,
    "maxs": 0.5149046182632446,
    "quantization": 8,
    "files": [
      "shN_centroids.webp",
      "shN_labels.webp"
    ]
  }
}