{
  "means": {
    "shape": [
      1430416,
      3
    ],
    "dtype": "float32",
    "mins": [
      -0.1559000164270401,
      -0.15268094837665558,
      -0.15681150555610657
    ],
    "maxs": [
      0.15464317798614502,
      0.12411212921142578,
      0.1526767909526825
    ],
    "files": [
      "means_l.webp",
      "means_u.webp"
    ]
  },
  "scales": {
    "shape": [
      1430416,
      3
    ],
    "dtype": "float32",
    "mins": [
      -16.265186309814453,
      -15.977479934692383,
      -16.360013961791992
    ],
    "maxs": [
      -3.3646152019500732,
      -3.4831104278564453,
      -3.3889684677124023
    ],
    "files": [
      "scales.webp"
    ]
  },
  "quats": {
    "shape": [
      1430416,
      4
    ],
    "dtype": "uint8",
    "encoding": "quaternion_packed",
    "files": [
      "quats.webp"
    ]
  },
  "sh0": {
    "shape": [
      1430416,
      1,
      4
    ],
    "dtype": "float32",
    "mins": [
      -2.066148042678833,
      -2.137915849685669,
      -2.0412254333496094,
      -3.790985345840454
    ],
    "maxs": [
      3.404208183288574,
      3.1252286434173584,
      3.2801883220672607,
      6.016542434692383
    ],
    "files": [
      "sh0.webp"
    ]
  },
  "shN": {
    "shape": [
      1430416,
      45
    ],
    "dtype": "float32",
    "mins": -0.34602683782577515,
    "maxs": 0.44390156865119934,
    "quantization": 8,
    "files": [
      "shN_centroids.webp",
      "shN_labels.webp"
    ]
  }
}