{
  "means": {
    "shape": [
      1461681,
      3
    ],
    "dtype": "float32",
    "mins": [
      -0.2278156578540802,
      -0.20202331244945526,
      -0.2496328502893448
    ],
    "maxs": [
      0.24685348570346832,
      0.20505276322364807,
      0.21339888870716095
    ],
    "files": [
      "means_l.webp",
      "means_u.webp"
    ]
  },
  "scales": {
    "shape": [
      1461681,
      3
    ],
    "dtype": "float32",
    "mins": [
      -16.483367919921875,
      -16.167274475097656,
      -15.662541389465332
    ],
    "maxs": [
      -2.9145729541778564,
      -2.9462389945983887,
      -2.906646728515625
    ],
    "files": [
      "scales.webp"
    ]
  },
  "quats": {
    "shape": [
      1461681,
      4
    ],
    "dtype": "uint8",
    "encoding": "quaternion_packed",
    "files": [
      "quats.webp"
    ]
  },
  "sh0": {
    "shape": [
      1461681,
      1,
      4
    ],
    "dtype": "float32",
    "mins": [
      -2.1536684036254883,
      -2.1366634368896484,
      -2.2222020626068115,
      -3.696805000305176
    ],
    "maxs": [
      2.711764335632324,
      2.6904098987579346,
      2.5174429416656494,
      7.8044328689575195
    ],
    "files": [
      "sh0.webp"
    ]
  },
  "shN": {
    "shape": [
      1461681,
      45
    ],
    "dtype": "float32",
    "mins": -0.573968768119812,
    "maxs": 0.5403295159339905,
    "quantization": 8,
    "files": [
      "shN_centroids.webp",
      "shN_labels.webp"
    ]
  }
}