{
  "means": {
    "shape": [
      1136356,
      3
    ],
    "dtype": "float32",
    "mins": [
      -0.294149249792099,
      -0.1818951517343521,
      -0.2905675172805786
    ],
    "maxs": [
      0.18499422073364258,
      0.1768530160188675,
      0.18897055089473724
    ],
    "files": [
      "means_l.webp",
      "means_u.webp"
    ]
  },
  "scales": {
    "shape": [
      1136356,
      3
    ],
    "dtype": "float32",
    "mins": [
      -14.814276695251465,
      -15.239458084106445,
      -14.89933967590332
    ],
    "maxs": [
      -2.0097451210021973,
      -3.1490895748138428,
      -2.8304522037506104
    ],
    "files": [
      "scales.webp"
    ]
  },
  "quats": {
    "shape": [
      1136356,
      4
    ],
    "dtype": "uint8",
    "encoding": "quaternion_packed",
    "files": [
      "quats.webp"
    ]
  },
  "sh0": {
    "shape": [
      1136356,
      1,
      4
    ],
    "dtype": "float32",
    "mins": [
      -2.0832459926605225,
      -2.085573434829712,
      -2.1209614276885986,
      -3.61059308052063
    ],
    "maxs": [
      3.2936105728149414,
      3.189507007598877,
      2.6680805683135986,
      7.0588154792785645
    ],
    "files": [
      "sh0.webp"
    ]
  },
  "shN": {
    "shape": [
      1136356,
      45
    ],
    "dtype": "float32",
    "mins": -0.4960671663284302,
    "maxs": 0.5199863910675049,
    "quantization": 8,
    "files": [
      "shN_centroids.webp",
      "shN_labels.webp"
    ]
  }
}