{
  "means": {
    "shape": [
      1444804,
      3
    ],
    "dtype": "float32",
    "mins": [
      -0.15857580304145813,
      -0.15444335341453552,
      -0.14629778265953064
    ],
    "maxs": [
      0.15783511102199554,
      0.12928225100040436,
      0.17452934384346008
    ],
    "files": [
      "means_l.webp",
      "means_u.webp"
    ]
  },
  "scales": {
    "shape": [
      1444804,
      3
    ],
    "dtype": "float32",
    "mins": [
      -16.79253387451172,
      -16.28026580810547,
      -16.56437873840332
    ],
    "maxs": [
      -3.366419792175293,
      -3.107348918914795,
      -3.396937131881714
    ],
    "files": [
      "scales.webp"
    ]
  },
  "quats": {
    "shape": [
      1444804,
      4
    ],
    "dtype": "uint8",
    "encoding": "quaternion_packed",
    "files": [
      "quats.webp"
    ]
  },
  "sh0": {
    "shape": [
      1444804,
      1,
      4
    ],
    "dtype": "float32",
    "mins": [
      -2.275996446609497,
      -2.1752939224243164,
      -2.29132342338562,
      -3.550269842147827
    ],
    "maxs": [
      3.7065250873565674,
      3.400423765182495,
      3.022779941558838,
      8.963188171386719
    ],
    "files": [
      "sh0.webp"
    ]
  },
  "shN": {
    "shape": [
      1444804,
      45
    ],
    "dtype": "float32",
    "mins": -0.6148784756660461,
    "maxs": 0.6355517506599426,
    "quantization": 8,
    "files": [
      "shN_centroids.webp",
      "shN_labels.webp"
    ]
  }
}