{
  "means": {
    "shape": [
      1572516,
      3
    ],
    "dtype": "float32",
    "mins": [
      -0.19745095074176788,
      -0.40261754393577576,
      -0.15924587845802307
    ],
    "maxs": [
      0.20452332496643066,
      0.2680168151855469,
      0.15979041159152985
    ],
    "files": [
      "means_l.webp",
      "means_u.webp"
    ]
  },
  "scales": {
    "shape": [
      1572516,
      3
    ],
    "dtype": "float32",
    "mins": [
      -16.1320858001709,
      -16.183786392211914,
      -16.280141830444336
    ],
    "maxs": [
      -3.2762365341186523,
      -3.2236199378967285,
      -3.2855377197265625
    ],
    "files": [
      "scales.webp"
    ]
  },
  "quats": {
    "shape": [
      1572516,
      4
    ],
    "dtype": "uint8",
    "encoding": "quaternion_packed",
    "files": [
      "quats.webp"
    ]
  },
  "sh0": {
    "shape": [
      1572516,
      1,
      4
    ],
    "dtype": "float32",
    "mins": [
      -2.1938183307647705,
      -2.2493057250976562,
      -2.479424476623535,
      -3.767695665359497
    ],
    "maxs": [
      3.64412784576416,
      3.4193830490112305,
      3.001429557800293,
      7.6116943359375
    ],
    "files": [
      "sh0.webp"
    ]
  }
}