{
  "means": {
    "shape": [
      1562500,
      3
    ],
    "dtype": "float32",
    "mins": [
      -0.19745095074176788,
      -0.40261754393577576,
      -0.15744642913341522
    ],
    "maxs": [
      0.20452332496643066,
      0.2656759023666382,
      0.14165985584259033
    ],
    "files": [
      "means_l.webp",
      "means_u.webp"
    ]
  },
  "scales": {
    "shape": [
      1562500,
      3
    ],
    "dtype": "float32",
    "mins": [
      -16.1320858001709,
      -16.183786392211914,
      -16.280141830444336
    ],
    "maxs": [
      -3.2762365341186523,
      -3.2236199378967285,
      -3.2855377197265625
    ],
    "files": [
      "scales.webp"
    ]
  },
  "quats": {
    "shape": [
      1562500,
      4
    ],
    "dtype": "uint8",
    "encoding": "quaternion_packed",
    "files": [
      "quats.webp"
    ]
  },
  "sh0": {
    "shape": [
      1562500,
      1,
      4
    ],
    "dtype": "float32",
    "mins": [
      -2.1938183307647705,
      -2.2493057250976562,
      -2.479424476623535,
      -3.817380428314209
    ],
    "maxs": [
      3.64412784576416,
      3.650346040725708,
      3.001429557800293,
      7.6116943359375
    ],
    "files": [
      "sh0.webp"
    ]
  }
}