{
  "means": {
    "shape": [
      385641,
      3
    ],
    "dtype": "float32",
    "mins": [
      -0.42797601222991943,
      0.0013093480374664068,
      -0.3841609060764313
    ],
    "maxs": [
      0.3828130066394806,
      0.38026174902915955,
      0.4216045141220093
    ],
    "files": [
      "means_l.webp",
      "means_u.webp"
    ]
  },
  "scales": {
    "shape": [
      385641,
      3
    ],
    "dtype": "float32",
    "mins": [
      -12.228473663330078,
      -12.537813186645508,
      -12.368355751037598
    ],
    "maxs": [
      -3.1706416606903076,
      -3.2193002700805664,
      -3.4150118827819824
    ],
    "files": [
      "scales.webp"
    ]
  },
  "quats": {
    "shape": [
      385641,
      4
    ],
    "dtype": "uint8",
    "encoding": "quaternion_packed",
    "files": [
      "quats.webp"
    ]
  },
  "sh0": {
    "shape": [
      385641,
      1,
      4
    ],
    "dtype": "float32",
    "mins": [
      -1.7987849712371826,
      -1.8621026277542114,
      -2.1204681396484375,
      -3.902132034301758
    ],
    "maxs": [
      1.7232728004455566,
      1.4544925689697266,
      1.0555094480514526,
      5.344086647033691
    ],
    "files": [
      "sh0.webp"
    ]
  },
  "shN": {
    "shape": [
      385641,
      45
    ],
    "dtype": "float32",
    "mins": -0.2654076814651489,
    "maxs": 0.3583733141422272,
    "quantization": 8,
    "files": [
      "shN_centroids.webp",
      "shN_labels.webp"
    ]
  }
}