{
  "means": {
    "shape": [
      2999824,
      3
    ],
    "dtype": "float32",
    "mins": [
      -2.3406827449798584,
      -1.7409800291061401,
      -2.426886558532715
    ],
    "maxs": [
      2.1768884658813477,
      1.690216064453125,
      2.861074924468994
    ],
    "files": [
      "means_l.webp",
      "means_u.webp"
    ]
  },
  "scales": {
    "shape": [
      2999824,
      3
    ],
    "dtype": "float32",
    "mins": [
      -13.215994834899902,
      -12.409440994262695,
      -12.288105010986328
    ],
    "maxs": [
      1.778799057006836,
      1.3611445426940918,
      1.627150058746338
    ],
    "files": [
      "scales.webp"
    ]
  },
  "quats": {
    "shape": [
      2999824,
      4
    ],
    "dtype": "uint8",
    "encoding": "quaternion_packed",
    "files": [
      "quats.webp"
    ]
  },
  "sh0": {
    "shape": [
      2999824,
      1,
      4
    ],
    "dtype": "float32",
    "mins": [
      -2.1860973834991455,
      -2.1740305423736572,
      -2.208752393722534,
      -4.218762397766113
    ],
    "maxs": [
      7.672004699707031,
      7.868073463439941,
      8.056368827819824,
      8.036006927490234
    ],
    "files": [
      "sh0.webp"
    ]
  },
  "shN": {
    "shape": [
      2999824,
      45
    ],
    "dtype": "float32",
    "mins": -0.48429790139198303,
    "maxs": 0.5105323791503906,
    "quantization": 8,
    "files": [
      "shN_centroids.webp",
      "shN_labels.webp"
    ]
  }
}