{
  "means": {
    "shape": [
      487204,
      3
    ],
    "dtype": "float32",
    "mins": [
      -0.19908450543880463,
      -0.1772780567407608,
      -0.19014935195446014
    ],
    "maxs": [
      0.20186665654182434,
      0.1925879567861557,
      0.20926345884799957
    ],
    "files": [
      "means_l.webp",
      "means_u.webp"
    ]
  },
  "scales": {
    "shape": [
      487204,
      3
    ],
    "dtype": "float32",
    "mins": [
      -15.170247077941895,
      -15.034034729003906,
      -14.937121391296387
    ],
    "maxs": [
      -3.0579419136047363,
      -2.7760074138641357,
      -2.9103171825408936
    ],
    "files": [
      "scales.webp"
    ]
  },
  "quats": {
    "shape": [
      487204,
      4
    ],
    "dtype": "uint8",
    "encoding": "quaternion_packed",
    "files": [
      "quats.webp"
    ]
  },
  "sh0": {
    "shape": [
      487204,
      1,
      4
    ],
    "dtype": "float32",
    "mins": [
      -1.9921824932098389,
      -1.986545443534851,
      -1.951061725616455,
      -3.5285120010375977
    ],
    "maxs": [
      2.6824731826782227,
      2.474616289138794,
      2.980803966522217,
      9.237184524536133
    ],
    "files": [
      "sh0.webp"
    ]
  },
  "shN": {
    "shape": [
      487204,
      45
    ],
    "dtype": "float32",
    "mins": -0.3188188076019287,
    "maxs": 0.3911263942718506,
    "quantization": 8,
    "files": [
      "shN_centroids.webp",
      "shN_labels.webp"
    ]
  }
}