{
  "means": {
    "shape": [
      1327104,
      3
    ],
    "dtype": "float32",
    "mins": [
      -0.09366102516651154,
      -0.08014927804470062,
      -0.11633111536502838
    ],
    "maxs": [
      0.09068495780229568,
      0.08204873651266098,
      0.0887821763753891
    ],
    "files": [
      "means_l.webp",
      "means_u.webp"
    ]
  },
  "scales": {
    "shape": [
      1327104,
      3
    ],
    "dtype": "float32",
    "mins": [
      -16.682212829589844,
      -16.159196853637695,
      -15.958795547485352
    ],
    "maxs": [
      -4.188356876373291,
      -4.3454999923706055,
      -4.192534446716309
    ],
    "files": [
      "scales.webp"
    ]
  },
  "quats": {
    "shape": [
      1327104,
      4
    ],
    "dtype": "uint8",
    "encoding": "quaternion_packed",
    "files": [
      "quats.webp"
    ]
  },
  "sh0": {
    "shape": [
      1327104,
      1,
      4
    ],
    "dtype": "float32",
    "mins": [
      -1.9408999681472778,
      -1.9789797067642212,
      -1.9672125577926636,
      -3.704312562942505
    ],
    "maxs": [
      2.6816182136535645,
      2.5388195514678955,
      1.9681912660598755,
      5.031489849090576
    ],
    "files": [
      "sh0.webp"
    ]
  }
}